{
    "$schema": "https://schemas.kicad.org/drc.v1.json",
    "coordinate_units": "mm",
    "date": "2025-07-05T19:02:34+0200",
    "kicad_version": "9.0.2",
    "schematic_parity": [],
    "source": "photogate.kicad_pcb",
    "unconnected_items": [],
    "violations": [
        {
            "description": "Silkscreen clipped by board edge",
            "items": [
                {
                    "description": "Segment on Edge.Cuts",
                    "pos": {
                        "x": 163.0,
                        "y": 117.0
                    },
                    "uuid": "90e3652e-b842-4520-aaf2-a061acfdac02"
                },
                {
                    "description": "Segment of J1 on F.Silkscreen",
                    "pos": {
                        "x": 122.08,
                        "y": 122.725
                    },
                    "uuid": "cbf9126c-ee60-402a-8396-275649017211"
                }
            ],
            "severity": "warning",
            "type": "silk_edge_clearance"
        },
        {
            "description": "Silkscreen clipped by board edge",
            "items": [
                {
                    "description": "Segment on Edge.Cuts",
                    "pos": {
                        "x": 163.0,
                        "y": 117.0
                    },
                    "uuid": "90e3652e-b842-4520-aaf2-a061acfdac02"
                },
                {
                    "description": "Segment of J1 on F.Silkscreen",
                    "pos": {
                        "x": 122.84,
                        "y": 116.725
                    },
                    "uuid": "019c6672-b267-4d0e-87ec-43702f2671f9"
                }
            ],
            "severity": "warning",
            "type": "silk_edge_clearance"
        },
        {
            "description": "Silkscreen clipped by board edge",
            "items": [
                {
                    "description": "Segment on Edge.Cuts",
                    "pos": {
                        "x": 163.0,
                        "y": 117.0
                    },
                    "uuid": "90e3652e-b842-4520-aaf2-a061acfdac02"
                },
                {
                    "description": "Segment of J1 on F.Silkscreen",
                    "pos": {
                        "x": 124.62,
                        "y": 122.725
                    },
                    "uuid": "66dcfa21-dadd-4649-ae62-eea1d02496a3"
                }
            ],
            "severity": "warning",
            "type": "silk_edge_clearance"
        },
        {
            "description": "Silkscreen clipped by board edge",
            "items": [
                {
                    "description": "Segment on Edge.Cuts",
                    "pos": {
                        "x": 163.0,
                        "y": 117.0
                    },
                    "uuid": "90e3652e-b842-4520-aaf2-a061acfdac02"
                },
                {
                    "description": "Segment of J1 on F.Silkscreen",
                    "pos": {
                        "x": 125.38,
                        "y": 116.725
                    },
                    "uuid": "5ec6e4b9-9c2c-4696-9db7-846e2e5ebb65"
                }
            ],
            "severity": "warning",
            "type": "silk_edge_clearance"
        },
        {
            "description": "Silkscreen clipped by board edge",
            "items": [
                {
                    "description": "Segment on Edge.Cuts",
                    "pos": {
                        "x": 163.0,
                        "y": 117.0
                    },
                    "uuid": "90e3652e-b842-4520-aaf2-a061acfdac02"
                },
                {
                    "description": "Segment of J1 on F.Silkscreen",
                    "pos": {
                        "x": 127.16,
                        "y": 122.725
                    },
                    "uuid": "c3794034-cdb0-4d5d-a173-a229623f74a4"
                }
            ],
            "severity": "warning",
            "type": "silk_edge_clearance"
        },
        {
            "description": "Silkscreen clipped by board edge",
            "items": [
                {
                    "description": "Segment on Edge.Cuts",
                    "pos": {
                        "x": 163.0,
                        "y": 117.0
                    },
                    "uuid": "90e3652e-b842-4520-aaf2-a061acfdac02"
                },
                {
                    "description": "Segment of J1 on F.Silkscreen",
                    "pos": {
                        "x": 127.26,
                        "y": 116.725
                    },
                    "uuid": "dc6cb7b6-e530-4e27-9143-d0ca154ae469"
                }
            ],
            "severity": "warning",
            "type": "silk_edge_clearance"
        },
        {
            "description": "Silkscreen clipped by board edge",
            "items": [
                {
                    "description": "Segment on Edge.Cuts",
                    "pos": {
                        "x": 163.0,
                        "y": 117.0
                    },
                    "uuid": "90e3652e-b842-4520-aaf2-a061acfdac02"
                },
                {
                    "description": "Segment of J1 on F.Silkscreen",
                    "pos": {
                        "x": 127.38,
                        "y": 116.725
                    },
                    "uuid": "821ba126-ff3b-4f10-b8af-63fd162bf951"
                }
            ],
            "severity": "warning",
            "type": "silk_edge_clearance"
        },
        {
            "description": "Silkscreen clipped by board edge",
            "items": [
                {
                    "description": "Segment on Edge.Cuts",
                    "pos": {
                        "x": 163.0,
                        "y": 117.0
                    },
                    "uuid": "90e3652e-b842-4520-aaf2-a061acfdac02"
                },
                {
                    "description": "Segment of J1 on F.Silkscreen",
                    "pos": {
                        "x": 127.5,
                        "y": 116.725
                    },
                    "uuid": "d3ea9a7e-ca31-4530-8b90-ecbdc7fbd4b8"
                }
            ],
            "severity": "warning",
            "type": "silk_edge_clearance"
        },
        {
            "description": "Silkscreen clipped by board edge",
            "items": [
                {
                    "description": "Segment on Edge.Cuts",
                    "pos": {
                        "x": 163.0,
                        "y": 117.0
                    },
                    "uuid": "90e3652e-b842-4520-aaf2-a061acfdac02"
                },
                {
                    "description": "Segment of J1 on F.Silkscreen",
                    "pos": {
                        "x": 127.62,
                        "y": 116.725
                    },
                    "uuid": "b8247e75-7a5b-43da-b147-cd9d230d10b4"
                }
            ],
            "severity": "warning",
            "type": "silk_edge_clearance"
        },
        {
            "description": "Silkscreen clipped by board edge",
            "items": [
                {
                    "description": "Segment on Edge.Cuts",
                    "pos": {
                        "x": 163.0,
                        "y": 117.0
                    },
                    "uuid": "90e3652e-b842-4520-aaf2-a061acfdac02"
                },
                {
                    "description": "Segment of J1 on F.Silkscreen",
                    "pos": {
                        "x": 127.74,
                        "y": 116.725
                    },
                    "uuid": "6cda33ce-9b11-4c22-a7cf-8654b45dc04f"
                }
            ],
            "severity": "warning",
            "type": "silk_edge_clearance"
        },
        {
            "description": "Silkscreen clipped by board edge",
            "items": [
                {
                    "description": "Segment on Edge.Cuts",
                    "pos": {
                        "x": 163.0,
                        "y": 117.0
                    },
                    "uuid": "90e3652e-b842-4520-aaf2-a061acfdac02"
                },
                {
                    "description": "Segment of J1 on F.Silkscreen",
                    "pos": {
                        "x": 127.86,
                        "y": 116.725
                    },
                    "uuid": "4312c6e3-3ee1-48f7-b70a-08449dbbbb5c"
                }
            ],
            "severity": "warning",
            "type": "silk_edge_clearance"
        },
        {
            "description": "Silkscreen clipped by board edge",
            "items": [
                {
                    "description": "Segment on Edge.Cuts",
                    "pos": {
                        "x": 163.0,
                        "y": 117.0
                    },
                    "uuid": "90e3652e-b842-4520-aaf2-a061acfdac02"
                },
                {
                    "description": "Segment of J1 on F.Silkscreen",
                    "pos": {
                        "x": 127.92,
                        "y": 116.725
                    },
                    "uuid": "f92975e2-e613-43ab-b98a-b5182b1cab2e"
                }
            ],
            "severity": "warning",
            "type": "silk_edge_clearance"
        },
        {
            "description": "Silkscreen clipped by board edge",
            "items": [
                {
                    "description": "Segment on Edge.Cuts",
                    "pos": {
                        "x": 90.0,
                        "y": 59.0
                    },
                    "uuid": "63f782a8-8a05-4144-a1da-9f5a9efdf936"
                },
                {
                    "description": "Segment of D1 on F.Silkscreen",
                    "pos": {
                        "x": 88.08,
                        "y": 53.71
                    },
                    "uuid": "f2fb6965-683b-4291-ac93-1c82036df171"
                }
            ],
            "severity": "warning",
            "type": "silk_edge_clearance"
        },
        {
            "description": "Silkscreen clipped by board edge",
            "items": [
                {
                    "description": "Segment on Edge.Cuts",
                    "pos": {
                        "x": 90.0,
                        "y": 59.0
                    },
                    "uuid": "63f782a8-8a05-4144-a1da-9f5a9efdf936"
                },
                {
                    "description": "Segment of D1 on F.Silkscreen",
                    "pos": {
                        "x": 88.08,
                        "y": 56.25
                    },
                    "uuid": "8b04a8b6-4fe3-4f54-9ff9-e81a3240f9e1"
                }
            ],
            "severity": "warning",
            "type": "silk_edge_clearance"
        },
        {
            "description": "Silkscreen clipped by board edge",
            "items": [
                {
                    "description": "Segment on Edge.Cuts",
                    "pos": {
                        "x": 90.0,
                        "y": 59.0
                    },
                    "uuid": "63f782a8-8a05-4144-a1da-9f5a9efdf936"
                },
                {
                    "description": "Segment of D1 on F.Silkscreen",
                    "pos": {
                        "x": 90.75,
                        "y": 53.71
                    },
                    "uuid": "dc2588a7-85f3-44fb-aadb-d5afb836eb27"
                }
            ],
            "severity": "warning",
            "type": "silk_edge_clearance"
        },
        {
            "description": "Silkscreen clipped by board edge",
            "items": [
                {
                    "description": "Segment on Edge.Cuts",
                    "pos": {
                        "x": 90.0,
                        "y": 59.0
                    },
                    "uuid": "63f782a8-8a05-4144-a1da-9f5a9efdf936"
                },
                {
                    "description": "Segment of D1 on F.Silkscreen",
                    "pos": {
                        "x": 90.75,
                        "y": 56.25
                    },
                    "uuid": "23a93ffb-bd25-4ca5-9daf-7f25720165a2"
                }
            ],
            "severity": "warning",
            "type": "silk_edge_clearance"
        },
        {
            "description": "Silkscreen clipped by board edge",
            "items": [
                {
                    "description": "Segment on Edge.Cuts",
                    "pos": {
                        "x": 161.0,
                        "y": 59.0
                    },
                    "uuid": "feaf27d5-0f77-4e28-aff7-0fc623424c74"
                },
                {
                    "description": "Segment of Q1 on F.Silkscreen",
                    "pos": {
                        "x": 160.505,
                        "y": 53.725
                    },
                    "uuid": "59a02932-1b39-4fc6-acdd-26a19e9bace9"
                }
            ],
            "severity": "warning",
            "type": "silk_edge_clearance"
        },
        {
            "description": "Silkscreen clipped by board edge",
            "items": [
                {
                    "description": "Segment on Edge.Cuts",
                    "pos": {
                        "x": 161.0,
                        "y": 59.0
                    },
                    "uuid": "feaf27d5-0f77-4e28-aff7-0fc623424c74"
                },
                {
                    "description": "Segment of Q1 on F.Silkscreen",
                    "pos": {
                        "x": 160.505,
                        "y": 56.265
                    },
                    "uuid": "c425761c-e14d-43e1-a93b-ab8429db6a5c"
                }
            ],
            "severity": "warning",
            "type": "silk_edge_clearance"
        },
        {
            "description": "Silkscreen clipped by board edge",
            "items": [
                {
                    "description": "Segment on Edge.Cuts",
                    "pos": {
                        "x": 161.0,
                        "y": 59.0
                    },
                    "uuid": "feaf27d5-0f77-4e28-aff7-0fc623424c74"
                },
                {
                    "description": "Segment of Q1 on F.Silkscreen",
                    "pos": {
                        "x": 163.175,
                        "y": 53.725
                    },
                    "uuid": "60526e20-1649-4a48-9388-889fb5171955"
                }
            ],
            "severity": "warning",
            "type": "silk_edge_clearance"
        },
        {
            "description": "Silkscreen clipped by board edge",
            "items": [
                {
                    "description": "Segment on Edge.Cuts",
                    "pos": {
                        "x": 161.0,
                        "y": 59.0
                    },
                    "uuid": "feaf27d5-0f77-4e28-aff7-0fc623424c74"
                },
                {
                    "description": "Segment of Q1 on F.Silkscreen",
                    "pos": {
                        "x": 163.175,
                        "y": 56.265
                    },
                    "uuid": "ccc83a14-e2ce-4472-903e-fda59a4c43a4"
                }
            ],
            "severity": "warning",
            "type": "silk_edge_clearance"
        },
        {
            "description": "The footprint library 'Connector_PinHeader_2.54mm' was not found at '/opt/homebrew/bin/SharedSupport/footprints//Connector_PinHeader_2.54mm.pretty'.",
            "items": [
                {
                    "description": "Footprint J1",
                    "pos": {
                        "x": 127.54,
                        "y": 112.625
                    },
                    "uuid": "08f8df89-1e8e-48dc-9d16-ae6ae2bfc170"
                }
            ],
            "severity": "warning",
            "type": "lib_footprint_issues"
        },
        {
            "description": "The footprint library 'MountingHole' was not found at '/opt/homebrew/bin/SharedSupport/footprints//MountingHole.pretty'.",
            "items": [
                {
                    "description": "Footprint MountingHole 1",
                    "pos": {
                        "x": 88.5,
                        "y": 111.5
                    },
                    "uuid": "1e2da25b-096d-493d-80f6-be5baf5fcb5a"
                }
            ],
            "severity": "warning",
            "type": "lib_footprint_issues"
        },
        {
            "description": "The footprint library 'LED_THT' was not found at '/opt/homebrew/bin/SharedSupport/footprints//LED_THT.pretty'.",
            "items": [
                {
                    "description": "Footprint D1",
                    "pos": {
                        "x": 87.0,
                        "y": 56.25
                    },
                    "uuid": "4747411c-f544-4bbe-8dbf-dc0ff97025f6"
                }
            ],
            "severity": "warning",
            "type": "lib_footprint_issues"
        },
        {
            "description": "The footprint library 'LED_THT' was not found at '/opt/homebrew/bin/SharedSupport/footprints//LED_THT.pretty'.",
            "items": [
                {
                    "description": "Footprint Q1",
                    "pos": {
                        "x": 164.255,
                        "y": 53.725
                    },
                    "uuid": "4a26dbbd-3776-4070-8f8a-10126539227b"
                }
            ],
            "severity": "warning",
            "type": "lib_footprint_issues"
        },
        {
            "description": "The footprint library 'Resistor_SMD' was not found at '/opt/homebrew/bin/SharedSupport/footprints//Resistor_SMD.pretty'.",
            "items": [
                {
                    "description": "Footprint R2",
                    "pos": {
                        "x": 135.0,
                        "y": 104.6625
                    },
                    "uuid": "a19e154e-6697-4784-825c-40a1b953f35e"
                }
            ],
            "severity": "warning",
            "type": "lib_footprint_issues"
        },
        {
            "description": "The footprint library 'MountingHole' was not found at '/opt/homebrew/bin/SharedSupport/footprints//MountingHole.pretty'.",
            "items": [
                {
                    "description": "Footprint MountingHole 2",
                    "pos": {
                        "x": 162.5,
                        "y": 111.5
                    },
                    "uuid": "b5c182e2-2893-4316-9be6-656f56585c8e"
                }
            ],
            "severity": "warning",
            "type": "lib_footprint_issues"
        },
        {
            "description": "The footprint library 'Resistor_SMD' was not found at '/opt/homebrew/bin/SharedSupport/footprints//Resistor_SMD.pretty'.",
            "items": [
                {
                    "description": "Footprint R1",
                    "pos": {
                        "x": 115.1625,
                        "y": 104.75
                    },
                    "uuid": "cacdfbb6-b89f-42ae-b679-0ee02d00a480"
                }
            ],
            "severity": "warning",
            "type": "lib_footprint_issues"
        }
    ]
}
