{
    "$schema": "https://schemas.kicad.org/erc.v1.json",
    "coordinate_units": "mm",
    "date": "2025-07-08T10:23:53+0200",
    "kicad_version": "9.0.2",
    "sheets": [
        {
            "path": "/",
            "uuid_path": "/7d3e754a-8422-4cff-ae36-16bce7d4ca53",
            "violations": [
                {
                    "description": "Unconnected \"no connection\" flag",
                    "items": [
                        {
                            "description": "No Connect",
                            "pos": {
                                "x": 1.0414,
                                "y": 0.6477
                            },
                            "uuid": "5c2e4dbb-e661-49a5-bb7c-b27fc9b4772a"
                        }
                    ],
                    "severity": "warning",
                    "type": "no_connect_dangling"
                },
                {
                    "description": "Unconnected \"no connection\" flag",
                    "items": [
                        {
                            "description": "No Connect",
                            "pos": {
                                "x": 1.0541,
                                "y": 0.6604
                            },
                            "uuid": "a8d22c9a-0570-4367-bd66-574ae488baeb"
                        }
                    ],
                    "severity": "warning",
                    "type": "no_connect_dangling"
                },
                {
                    "description": "Footprint 'PinHeader_1x03_P2.54mm_Horizontal' not found in library 'Connector_PinHeader_2.54mm'.",
                    "items": [
                        {
                            "description": "Symbol J1 [Conn_01x03_Pin]",
                            "pos": {
                                "x": 1.3462,
                                "y": 0.8255
                            },
                            "uuid": "c5d69b85-7067-4ad9-9145-b082a80d9d20"
                        }
                    ],
                    "severity": "warning",
                    "type": "footprint_link_issues"
                },
                {
                    "description": "The symbol library 'Connector' was not found at '/opt/homebrew/bin/SharedSupport/symbols//Connector.kicad_sym'.",
                    "items": [
                        {
                            "description": "Symbol J1 [Conn_01x03_Pin]",
                            "pos": {
                                "x": 1.3462,
                                "y": 0.8255
                            },
                            "uuid": "c5d69b85-7067-4ad9-9145-b082a80d9d20"
                        }
                    ],
                    "severity": "warning",
                    "type": "lib_symbol_issues"
                },
                {
                    "description": "Footprint 'R_0805_2012Metric' not found in library 'Resistor_SMD'.",
                    "items": [
                        {
                            "description": "Symbol R1 [R]",
                            "pos": {
                                "x": 1.5621,
                                "y": 0.6604
                            },
                            "uuid": "177f1114-7f72-4fc3-a99d-2a96a440546f"
                        }
                    ],
                    "severity": "warning",
                    "type": "footprint_link_issues"
                },
                {
                    "description": "The symbol library 'Device' was not found at '/opt/homebrew/bin/SharedSupport/symbols//Device.kicad_sym'.",
                    "items": [
                        {
                            "description": "Symbol R1 [R]",
                            "pos": {
                                "x": 1.5621,
                                "y": 0.6604
                            },
                            "uuid": "177f1114-7f72-4fc3-a99d-2a96a440546f"
                        }
                    ],
                    "severity": "warning",
                    "type": "lib_symbol_issues"
                },
                {
                    "description": "Footprint 'R_0805_2012Metric' not found in library 'Resistor_SMD'.",
                    "items": [
                        {
                            "description": "Symbol R2 [R]",
                            "pos": {
                                "x": 1.5621,
                                "y": 0.7747
                            },
                            "uuid": "e2c1b819-18a2-42a7-ab42-2cb14e71d7b7"
                        }
                    ],
                    "severity": "warning",
                    "type": "footprint_link_issues"
                },
                {
                    "description": "The symbol library 'Device' was not found at '/opt/homebrew/bin/SharedSupport/symbols//Device.kicad_sym'.",
                    "items": [
                        {
                            "description": "Symbol R2 [R]",
                            "pos": {
                                "x": 1.5621,
                                "y": 0.7747
                            },
                            "uuid": "e2c1b819-18a2-42a7-ab42-2cb14e71d7b7"
                        }
                    ],
                    "severity": "warning",
                    "type": "lib_symbol_issues"
                },
                {
                    "description": "Footprint 'LED_D5.0mm_Horizontal_O3.81mm_Z3.0mm' not found in library 'LED_THT'.",
                    "items": [
                        {
                            "description": "Symbol D2 [IR26-21C_L110_TR8]",
                            "pos": {
                                "x": 1.6891,
                                "y": 0.6604
                            },
                            "uuid": "11e1e4b6-bb85-4038-aa7e-a94f65e4b18e"
                        }
                    ],
                    "severity": "warning",
                    "type": "footprint_link_issues"
                },
                {
                    "description": "The symbol library 'LED' was not found at '/opt/homebrew/bin/SharedSupport/symbols//LED.kicad_sym'.",
                    "items": [
                        {
                            "description": "Symbol D2 [IR26-21C_L110_TR8]",
                            "pos": {
                                "x": 1.6891,
                                "y": 0.6604
                            },
                            "uuid": "11e1e4b6-bb85-4038-aa7e-a94f65e4b18e"
                        }
                    ],
                    "severity": "warning",
                    "type": "lib_symbol_issues"
                },
                {
                    "description": "Footprint 'LED_D5.0mm_Horizontal_O3.81mm_Z3.0mm' not found in library 'LED_THT'.",
                    "items": [
                        {
                            "description": "Symbol R3 [LDR07]",
                            "pos": {
                                "x": 1.6891,
                                "y": 0.7747
                            },
                            "uuid": "e2166837-3119-4a47-aca0-b937202b6e03"
                        }
                    ],
                    "severity": "warning",
                    "type": "footprint_link_issues"
                },
                {
                    "description": "The symbol library 'Sensor_Optical' was not found at '/opt/homebrew/bin/SharedSupport/symbols//Sensor_Optical.kicad_sym'.",
                    "items": [
                        {
                            "description": "Symbol R3 [LDR07]",
                            "pos": {
                                "x": 1.6891,
                                "y": 0.7747
                            },
                            "uuid": "e2166837-3119-4a47-aca0-b937202b6e03"
                        }
                    ],
                    "severity": "warning",
                    "type": "lib_symbol_issues"
                },
                {
                    "description": "Footprint 'MountingHole_5.5mm' not found in library 'MountingHole'.",
                    "items": [
                        {
                            "description": "Symbol H1 [MountingHole]",
                            "pos": {
                                "x": 1.8796,
                                "y": 0.6604
                            },
                            "uuid": "38205559-8d95-4092-821c-8d3da4114995"
                        }
                    ],
                    "severity": "warning",
                    "type": "footprint_link_issues"
                },
                {
                    "description": "The symbol library 'Mechanical' was not found at '/opt/homebrew/bin/SharedSupport/symbols//Mechanical.kicad_sym'.",
                    "items": [
                        {
                            "description": "Symbol H1 [MountingHole]",
                            "pos": {
                                "x": 1.8796,
                                "y": 0.6604
                            },
                            "uuid": "38205559-8d95-4092-821c-8d3da4114995"
                        }
                    ],
                    "severity": "warning",
                    "type": "lib_symbol_issues"
                },
                {
                    "description": "Footprint 'MountingHole_5.5mm' not found in library 'MountingHole'.",
                    "items": [
                        {
                            "description": "Symbol H2 [MountingHole]",
                            "pos": {
                                "x": 1.8796,
                                "y": 0.7112
                            },
                            "uuid": "0f25ff24-f8a5-49c3-b377-0ba7f968caf9"
                        }
                    ],
                    "severity": "warning",
                    "type": "footprint_link_issues"
                },
                {
                    "description": "The symbol library 'Mechanical' was not found at '/opt/homebrew/bin/SharedSupport/symbols//Mechanical.kicad_sym'.",
                    "items": [
                        {
                            "description": "Symbol H2 [MountingHole]",
                            "pos": {
                                "x": 1.8796,
                                "y": 0.7112
                            },
                            "uuid": "0f25ff24-f8a5-49c3-b377-0ba7f968caf9"
                        }
                    ],
                    "severity": "warning",
                    "type": "lib_symbol_issues"
                }
            ]
        }
    ],
    "source": "photogate.kicad_sch"
}
